dataset_id,run_id,sample_id,tissue_type,disease_status,disease_group,disease_severity,treatment,outcome,timepoint,age,sex,comorbidities,vaccination_status,infection_variant,sequencing_platform,library_type,data_source,metadata_confidence,inclusion_status,exclusion_reason
GSE208342,"SRR20277684,SRR20277685,SRR20277686,SRR20277687",GSM6341577,Nasopharyngeal,COVID-19,COVID-19,Asymptomatic,NA,NA,NA,35,Male,NA,NA,NA,ILLUMINA,PAIRED; cDNA,NCBI-GEO,high,included,NA
GSE208342,"SRR20277680,SRR20277681,SRR20277682,SRR20277683",GSM6341578,Nasopharyngeal,COVID-19,COVID-19,Asymptomatic,NA,NA,NA,53,Male,NA,NA,NA,ILLUMINA,PAIRED; cDNA,NCBI-GEO,high,included,NA
GSE208342,"SRR20277676,SRR20277677,SRR20277678,SRR20277679",GSM6341579,Nasopharyngeal,COVID-19,COVID-19,Mildly symptomatic,NA,NA,NA,63,Male,NA,NA,NA,ILLUMINA,PAIRED; cDNA,NCBI-GEO,high,included,NA
GSE208342,"SRR20277672,SRR20277673,SRR20277674,SRR20277675",GSM6341580,Nasopharyngeal,COVID-19,COVID-19,Mildly symptomatic,NA,NA,NA,19,Male,NA,NA,NA,ILLUMINA,PAIRED; cDNA,NCBI-GEO,high,included,NA
GSE208342,"SRR20277668,SRR20277669,SRR20277670,SRR20277671",GSM6341581,Nasopharyngeal,COVID-19,COVID-19,Mildly symptomatic,NA,NA,NA,31,Male,NA,NA,NA,ILLUMINA,PAIRED; cDNA,NCBI-GEO,high,included,NA
GSE208342,"SRR20277664,SRR20277665,SRR20277666,SRR20277667",GSM6341582,Nasopharyngeal,COVID-19,COVID-19,Mildly symptomatic,NA,NA,NA,34,Male,NA,NA,NA,ILLUMINA,PAIRED; cDNA,NCBI-GEO,high,included,NA
GSE208342,"SRR20277660,SRR20277661,SRR20277662,SRR20277663",GSM6341583,Nasopharyngeal,COVID-19,COVID-19,Mildly symptomatic,NA,NA,NA,33,Male,NA,NA,NA,ILLUMINA,PAIRED; cDNA,NCBI-GEO,high,included,NA
GSE208342,"SRR20277656,SRR20277657,SRR20277658,SRR20277659",GSM6341584,Nasopharyngeal,COVID-19,COVID-19,Severe,NA,NA,NA,37,Male,NA,NA,NA,ILLUMINA,PAIRED; cDNA,NCBI-GEO,high,included,NA
GSE208342,"SRR20277652,SRR20277653,SRR20277654,SRR20277655",GSM6341585,Nasopharyngeal,COVID-19,COVID-19,Severe,NA,NA,NA,55,Female,NA,NA,NA,ILLUMINA,PAIRED; cDNA,NCBI-GEO,high,included,NA
GSE208342,"SRR20277648,SRR20277649,SRR20277650,SRR20277651",GSM6341586,Nasopharyngeal,COVID-19,COVID-19,Severe,NA,NA,NA,61,Female,NA,NA,NA,ILLUMINA,PAIRED; cDNA,NCBI-GEO,high,included,NA
GSE208342,"SRR20277644,SRR20277645,SRR20277646,SRR20277647",GSM6341587,Nasopharyngeal,COVID-19,COVID-19,Severe,NA,NA,NA,45,Female,NA,NA,NA,ILLUMINA,PAIRED; cDNA,NCBI-GEO,high,included,NA
GSE208342,"SRR20277640,SRR20277641,SRR20277642,SRR20277643",GSM6341588,Nasopharyngeal,COVID-19,COVID-19,Severe,NA,NA,NA,68,Male,NA,NA,NA,ILLUMINA,PAIRED; cDNA,NCBI-GEO,high,included,NA
GSE208342,"SRR20277636,SRR20277637,SRR20277638,SRR20277639",GSM6341589,Nasopharyngeal,COVID-19,COVID-19,Severe,NA,NA,NA,60,Male,NA,NA,NA,ILLUMINA,PAIRED; cDNA,NCBI-GEO,high,included,NA
GSE208342,"SRR20277632,SRR20277633,SRR20277634,SRR20277635",GSM6341590,Nasopharyngeal,COVID-19,COVID-19,Severe,NA,NA,NA,40,Male,NA,NA,NA,ILLUMINA,PAIRED; cDNA,NCBI-GEO,high,included,NA
GSE208342,"SRR20277628,SRR20277629,SRR20277630,SRR20277631",GSM6341591,Nasopharyngeal,COVID-19,COVID-19,Severe,NA,NA,NA,60,Female,NA,NA,NA,ILLUMINA,PAIRED; cDNA,NCBI-GEO,high,included,NA
GSE208342,"SRR22894992,SRR22894993,SRR22894994,SRR22894995",GSM6896317,Nasopharyngeal,negative control,Control,negative control,NA,NA,NA,22,Male,NA,NA,NA,ILLUMINA,PAIRED; cDNA,NCBI-GEO,high,included,NA
GSE208342,"SRR22894988,SRR22894989,SRR22894990,SRR22894991",GSM6896318,Nasopharyngeal,negative control,Control,negative control,NA,NA,NA,40,Male,NA,NA,NA,ILLUMINA,PAIRED; cDNA,NCBI-GEO,high,included,NA
GSE208342,"SRR22894984,SRR22894985,SRR22894986,SRR22894987",GSM6896319,Nasopharyngeal,negative control,Control,negative control,NA,NA,NA,23,Male,NA,NA,NA,ILLUMINA,PAIRED; cDNA,NCBI-GEO,high,included,NA
GSE208342,"SRR22894980,SRR22894981,SRR22894982,SRR22894983",GSM6896320,Nasopharyngeal,negative control,Control,negative control,NA,NA,NA,24,Female,NA,NA,NA,ILLUMINA,PAIRED; cDNA,NCBI-GEO,high,included,NA
GSE208342,"SRR22894976,SRR22894977,SRR22894978,SRR22894979",GSM6896321,Nasopharyngeal,negative control,Control,negative control,NA,NA,NA,50,Male,NA,NA,NA,ILLUMINA,PAIRED; cDNA,NCBI-GEO,high,included,NA
GSE273149,SRR29999143,GSM8423018,PBMC,ARDS_CON,Control,NA,NA,NA,Day 1,NA,NA,NA,NA,NA,ILLUMINA,PAIRED; cDNA,NCBI-GEO,high,included,NA
GSE273149,SRR29999142,GSM8423019,PBMC,ARDS_CON,Control,NA,NA,NA,Day 3,NA,NA,NA,NA,NA,ILLUMINA,PAIRED; cDNA,NCBI-GEO,high,excluded,Non-Day 1 sample
GSE273149,SRR29999141,GSM8423020,PBMC,ARDS_CON,Control,NA,NA,NA,Day 7,NA,NA,NA,NA,NA,ILLUMINA,PAIRED; cDNA,NCBI-GEO,high,excluded,Non-Day 1 sample
GSE273149,SRR29999140,GSM8423021,PBMC,ARDS_CON,Control,NA,NA,NA,Day 10,NA,NA,NA,NA,NA,ILLUMINA,PAIRED; cDNA,NCBI-GEO,high,included,NA
GSE273149,SRR29999139,GSM8423022,PBMC,ARDS_CON,Control,NA,NA,NA,Day 1,NA,NA,NA,NA,NA,ILLUMINA,PAIRED; cDNA,NCBI-GEO,high,included,NA
GSE273149,SRR29999138,GSM8423023,PBMC,ARDS_CON,Control,NA,NA,NA,Day 3,NA,NA,NA,NA,NA,ILLUMINA,PAIRED; cDNA,NCBI-GEO,high,excluded,Non-Day 1 sample
GSE273149,SRR29999137,GSM8423024,PBMC,ARDS_CON,Control,NA,NA,NA,Day 7,NA,NA,NA,NA,NA,ILLUMINA,PAIRED; cDNA,NCBI-GEO,high,excluded,Non-Day 1 sample
GSE273149,SRR29999136,GSM8423025,PBMC,ARDS_CON,Control,NA,NA,NA,Day 10,NA,NA,NA,NA,NA,ILLUMINA,PAIRED; cDNA,NCBI-GEO,high,included,NA
GSE273149,SRR29999135,GSM8423026,PBMC,ARDS_CON,Control,NA,NA,NA,Day 1,NA,NA,NA,NA,NA,ILLUMINA,PAIRED; cDNA,NCBI-GEO,high,included,NA
GSE273149,SRR29999134,GSM8423027,PBMC,ARDS_CON,Control,NA,NA,NA,Day 3,NA,NA,NA,NA,NA,ILLUMINA,PAIRED; cDNA,NCBI-GEO,high,excluded,Non-Day 1 sample
GSE273149,SRR29999133,GSM8423028,PBMC,ARDS_CON,Control,NA,NA,NA,Day 7,NA,NA,NA,NA,NA,ILLUMINA,PAIRED; cDNA,NCBI-GEO,high,excluded,Non-Day 1 sample
GSE273149,SRR29999132,GSM8423029,PBMC,ARDS_CON,Control,NA,NA,NA,Day 10,NA,NA,NA,NA,NA,ILLUMINA,PAIRED; cDNA,NCBI-GEO,high,included,NA
GSE273149,SRR29999131,GSM8423030,PBMC,ARDS_CON,Control,NA,NA,NA,Day 1,NA,NA,NA,NA,NA,ILLUMINA,PAIRED; cDNA,NCBI-GEO,high,included,NA
GSE273149,SRR29999130,GSM8423031,PBMC,ARDS_CON,Control,NA,NA,NA,Day 3,NA,NA,NA,NA,NA,ILLUMINA,PAIRED; cDNA,NCBI-GEO,high,excluded,Non-Day 1 sample
GSE273149,SRR29999129,GSM8423032,PBMC,ARDS_CON,Control,NA,NA,NA,Day 7,NA,NA,NA,NA,NA,ILLUMINA,PAIRED; cDNA,NCBI-GEO,high,excluded,Non-Day 1 sample
GSE273149,SRR29999128,GSM8423033,PBMC,ARDS_CON,Control,NA,NA,NA,Day 10,NA,NA,NA,NA,NA,ILLUMINA,PAIRED; cDNA,NCBI-GEO,high,included,NA
GSE273149,SRR29999126,GSM8423034,PBMC,COVID_survivor,COVID-19,NA,NA,survived,Day 1,NA,NA,NA,NA,NA,ILLUMINA,PAIRED; cDNA,NCBI-GEO,high,included,NA
GSE273149,SRR29999125,GSM8423035,PBMC,COVID_survivor,COVID-19,NA,NA,survived,Day 3,NA,NA,NA,NA,NA,ILLUMINA,PAIRED; cDNA,NCBI-GEO,high,excluded,Non-Day 1 sample
GSE273149,SRR29999124,GSM8423036,PBMC,COVID_survivor,COVID-19,NA,NA,survived,Day 7,NA,NA,NA,NA,NA,ILLUMINA,PAIRED; cDNA,NCBI-GEO,high,excluded,Non-Day 1 sample
GSE273149,SRR29999123,GSM8423037,PBMC,COVID_survivor,COVID-19,NA,NA,survived,Day 10,NA,NA,NA,NA,NA,ILLUMINA,PAIRED; cDNA,NCBI-GEO,high,included,NA
GSE273149,SRR29999122,GSM8423038,PBMC,COVID_survivor,COVID-19,NA,NA,survived,Day 1,NA,NA,NA,NA,NA,ILLUMINA,PAIRED; cDNA,NCBI-GEO,high,included,NA
GSE273149,SRR29999121,GSM8423039,PBMC,COVID_survivor,COVID-19,NA,NA,survived,Day 3,NA,NA,NA,NA,NA,ILLUMINA,PAIRED; cDNA,NCBI-GEO,high,excluded,Non-Day 1 sample
GSE273149,SRR29999120,GSM8423040,PBMC,COVID_survivor,COVID-19,NA,NA,survived,Day 7,NA,NA,NA,NA,NA,ILLUMINA,PAIRED; cDNA,NCBI-GEO,high,excluded,Non-Day 1 sample
GSE273149,SRR29999119,GSM8423041,PBMC,COVID_survivor,COVID-19,NA,NA,survived,Day 1,NA,NA,NA,NA,NA,ILLUMINA,PAIRED; cDNA,NCBI-GEO,high,included,NA
GSE273149,SRR29999118,GSM8423042,PBMC,COVID_survivor,COVID-19,NA,NA,survived,Day 3,NA,NA,NA,NA,NA,ILLUMINA,PAIRED; cDNA,NCBI-GEO,high,excluded,Non-Day 1 sample
GSE273149,SRR29999117,GSM8423043,PBMC,COVID_survivor,COVID-19,NA,NA,survived,Day 7,NA,NA,NA,NA,NA,ILLUMINA,PAIRED; cDNA,NCBI-GEO,high,excluded,Non-Day 1 sample
GSE273149,SRR29999116,GSM8423044,PBMC,COVID_survivor,COVID-19,NA,NA,survived,Day 10,NA,NA,NA,NA,NA,ILLUMINA,PAIRED; cDNA,NCBI-GEO,high,included,NA
GSE273149,SRR29999115,GSM8423045,PBMC,COVID_survivor,COVID-19,NA,NA,survived,Day 1,NA,NA,NA,NA,NA,ILLUMINA,PAIRED; cDNA,NCBI-GEO,high,included,NA
GSE273149,SRR29999114,GSM8423046,PBMC,COVID_survivor,COVID-19,NA,NA,survived,Day 3,NA,NA,NA,NA,NA,ILLUMINA,PAIRED; cDNA,NCBI-GEO,high,excluded,Non-Day 1 sample
GSE273149,SRR29999113,GSM8423047,PBMC,COVID_survivor,COVID-19,NA,NA,survived,Day 7,NA,NA,NA,NA,NA,ILLUMINA,PAIRED; cDNA,NCBI-GEO,high,excluded,Non-Day 1 sample
GSE273149,SRR29999112,GSM8423048,PBMC,COVID_nonsurvivor,COVID-19,NA,NA,died,Day 1,NA,NA,NA,NA,NA,ILLUMINA,PAIRED; cDNA,NCBI-GEO,high,included,NA
GSE273149,SRR29999111,GSM8423049,PBMC,COVID_nonsurvivor,COVID-19,NA,NA,died,Day 3,NA,NA,NA,NA,NA,ILLUMINA,PAIRED; cDNA,NCBI-GEO,high,excluded,Non-Day 1 sample
GSE273149,SRR29999110,GSM8423050,PBMC,COVID_nonsurvivor,COVID-19,NA,NA,died,Day 7,NA,NA,NA,NA,NA,ILLUMINA,PAIRED; cDNA,NCBI-GEO,high,excluded,Non-Day 1 sample
GSE273149,SRR29999109,GSM8423051,PBMC,COVID_nonsurvivor,COVID-19,NA,NA,died,Day 10,NA,NA,NA,NA,NA,ILLUMINA,PAIRED; cDNA,NCBI-GEO,high,included,NA
GSE273149,SRR29999108,GSM8423052,PBMC,COVID_nonsurvivor,COVID-19,NA,NA,died,Day 1,NA,NA,NA,NA,NA,ILLUMINA,PAIRED; cDNA,NCBI-GEO,high,included,NA
GSE273149,SRR29999107,GSM8423053,PBMC,COVID_nonsurvivor,COVID-19,NA,NA,died,Day 3,NA,NA,NA,NA,NA,ILLUMINA,PAIRED; cDNA,NCBI-GEO,high,excluded,Non-Day 1 sample
GSE273149,SRR29999106,GSM8423054,PBMC,COVID_nonsurvivor,COVID-19,NA,NA,died,Day 7,NA,NA,NA,NA,NA,ILLUMINA,PAIRED; cDNA,NCBI-GEO,high,excluded,Non-Day 1 sample
GSE273149,SRR29999105,GSM8423055,PBMC,COVID_nonsurvivor,COVID-19,NA,NA,died,Day 10,NA,NA,NA,NA,NA,ILLUMINA,PAIRED; cDNA,NCBI-GEO,high,included,NA
GSE273149,SRR29999104,GSM8423056,PBMC,COVID_nonsurvivor,COVID-19,NA,NA,died,Day 1,NA,NA,NA,NA,NA,ILLUMINA,PAIRED; cDNA,NCBI-GEO,high,included,NA
GSE273149,SRR29999103,GSM8423057,PBMC,COVID_nonsurvivor,COVID-19,NA,NA,died,Day 3,NA,NA,NA,NA,NA,ILLUMINA,PAIRED; cDNA,NCBI-GEO,high,excluded,Non-Day 1 sample
GSE273149,SRR29999102,GSM8423058,PBMC,COVID_nonsurvivor,COVID-19,NA,NA,died,Day 7,NA,NA,NA,NA,NA,ILLUMINA,PAIRED; cDNA,NCBI-GEO,high,excluded,Non-Day 1 sample
GSE273149,SRR29999101,GSM8423059,PBMC,COVID_nonsurvivor,COVID-19,NA,NA,died,Day 10,NA,NA,NA,NA,NA,ILLUMINA,PAIRED; cDNA,NCBI-GEO,high,included,NA
GSE273149,SRR29999100,GSM8423060,PBMC,COVID_nonsurvivor,COVID-19,NA,NA,died,Day 1,NA,NA,NA,NA,NA,ILLUMINA,PAIRED; cDNA,NCBI-GEO,high,included,NA
GSE273149,SRR29999099,GSM8423061,PBMC,COVID_nonsurvivor,COVID-19,NA,NA,died,Day 3,NA,NA,NA,NA,NA,ILLUMINA,PAIRED; cDNA,NCBI-GEO,high,excluded,Non-Day 1 sample
GSE273149,SRR29999098,GSM8423062,PBMC,COVID_nonsurvivor,COVID-19,NA,NA,died,Day 7,NA,NA,NA,NA,NA,ILLUMINA,PAIRED; cDNA,NCBI-GEO,high,excluded,Non-Day 1 sample
GSE273149,SRR29999097,GSM8423063,PBMC,COVID_nonsurvivor,COVID-19,NA,NA,died,Day 1,NA,NA,NA,NA,NA,ILLUMINA,PAIRED; cDNA,NCBI-GEO,high,included,NA
GSE273149,SRR29999096,GSM8423064,PBMC,COVID_nonsurvivor,COVID-19,NA,NA,died,Day 3,NA,NA,NA,NA,NA,ILLUMINA,PAIRED; cDNA,NCBI-GEO,high,excluded,Non-Day 1 sample
GSE273149,SRR29999095,GSM8423065,PBMC,COVID_nonsurvivor,COVID-19,NA,NA,died,Day 7,NA,NA,NA,NA,NA,ILLUMINA,PAIRED; cDNA,NCBI-GEO,high,excluded,Non-Day 1 sample
GSE273149,SRR29999127,GSM8423066,PBMC,COVID_nonsurvivor,COVID-19,NA,NA,died,Day 10,NA,NA,NA,NA,NA,ILLUMINA,PAIRED; cDNA,NCBI-GEO,high,included,NA
GSE243217,SRR26064318,GSM7780772,Peripheral blood,COVID-19,COVID-19,NA,NA,NA,NA,NA,NA,NA,NA,NA,BGISEQ,PAIRED; cDNA,NCBI-GEO,high,included,NA
GSE243217,SRR26064317,GSM7780773,Peripheral blood,COVID-19,COVID-19,NA,NA,NA,NA,NA,NA,NA,NA,NA,BGISEQ,PAIRED; cDNA,NCBI-GEO,high,included,NA
GSE243217,SRR26064316,GSM7780774,Peripheral blood,COVID-19,COVID-19,NA,NA,NA,NA,NA,NA,NA,NA,NA,BGISEQ,PAIRED; cDNA,NCBI-GEO,high,included,NA
GSE243217,SRR26064315,GSM7780775,Peripheral blood,COVID-19,COVID-19,NA,NA,NA,NA,NA,NA,NA,NA,NA,BGISEQ,PAIRED; cDNA,NCBI-GEO,high,included,NA
GSE243217,SRR26064314,GSM7780776,Peripheral blood,COVID-19,COVID-19,NA,NA,NA,NA,NA,NA,NA,NA,NA,BGISEQ,PAIRED; cDNA,NCBI-GEO,high,included,NA
GSE243217,SRR26064313,GSM7780777,Peripheral blood,COVID-19,COVID-19,NA,NA,NA,NA,NA,NA,NA,NA,NA,BGISEQ,PAIRED; cDNA,NCBI-GEO,high,included,NA
GSE243217,SRR26064312,GSM7780778,Peripheral blood,COVID-19,COVID-19,NA,NA,NA,NA,NA,NA,NA,NA,NA,BGISEQ,PAIRED; cDNA,NCBI-GEO,high,included,NA
GSE243217,SRR26064311,GSM7780779,Peripheral blood,COVID-19,COVID-19,NA,NA,NA,NA,NA,NA,NA,NA,NA,BGISEQ,PAIRED; cDNA,NCBI-GEO,high,included,NA
GSE243217,SRR26064310,GSM7780780,Peripheral blood,COVID-19,COVID-19,NA,NA,NA,NA,NA,NA,NA,NA,NA,BGISEQ,PAIRED; cDNA,NCBI-GEO,high,included,NA
GSE243217,SRR26064309,GSM7780781,Peripheral blood,COVID-19,COVID-19,NA,NA,NA,NA,NA,NA,NA,NA,NA,BGISEQ,PAIRED; cDNA,NCBI-GEO,high,included,NA
GSE243217,SRR26064308,GSM7780782,Peripheral blood,COVID-19,COVID-19,NA,NA,NA,NA,NA,NA,NA,NA,NA,BGISEQ,PAIRED; cDNA,NCBI-GEO,high,included,NA
GSE243217,SRR26064307,GSM7780783,Peripheral blood,COVID-19,COVID-19,NA,NA,NA,NA,NA,NA,NA,NA,NA,BGISEQ,PAIRED; cDNA,NCBI-GEO,high,included,NA
GSE243217,SRR26064306,GSM7780784,Peripheral blood,COVID-19,COVID-19,NA,NA,NA,NA,NA,NA,NA,NA,NA,BGISEQ,PAIRED; cDNA,NCBI-GEO,high,included,NA
GSE243217,SRR26064305,GSM7780785,Peripheral blood,COVID-19,COVID-19,NA,NA,NA,NA,NA,NA,NA,NA,NA,BGISEQ,PAIRED; cDNA,NCBI-GEO,high,included,NA
GSE243217,SRR26064304,GSM7780786,Peripheral blood,COVID-19,COVID-19,NA,NA,NA,NA,NA,NA,NA,NA,NA,BGISEQ,PAIRED; cDNA,NCBI-GEO,high,included,NA
GSE243217,SRR26064303,GSM7780787,Peripheral blood,COVID-19,COVID-19,NA,NA,NA,NA,NA,NA,NA,NA,NA,BGISEQ,PAIRED; cDNA,NCBI-GEO,high,included,NA
GSE243217,SRR26064302,GSM7780788,Peripheral blood,COVID-19,COVID-19,NA,NA,NA,NA,NA,NA,NA,NA,NA,BGISEQ,PAIRED; cDNA,NCBI-GEO,high,included,NA
GSE243217,SRR26064301,GSM7780789,Peripheral blood,COVID-19,COVID-19,NA,NA,NA,NA,NA,NA,NA,NA,NA,BGISEQ,PAIRED; cDNA,NCBI-GEO,high,included,NA
GSE243217,SRR26064284,GSM7780790,Peripheral blood,COVID-19,COVID-19,NA,NA,NA,NA,NA,NA,NA,NA,NA,BGISEQ,PAIRED; cDNA,NCBI-GEO,high,included,NA
GSE243217,SRR26064283,GSM7780791,Peripheral blood,COVID-19,COVID-19,NA,NA,NA,NA,NA,NA,NA,NA,NA,BGISEQ,PAIRED; cDNA,NCBI-GEO,high,included,NA
GSE243217,SRR26064282,GSM7780792,Peripheral blood,COVID-19,COVID-19,NA,NA,NA,NA,NA,NA,NA,NA,NA,BGISEQ,PAIRED; cDNA,NCBI-GEO,high,included,NA
GSE243217,SRR26064281,GSM7780793,Peripheral blood,COVID-19,COVID-19,NA,NA,NA,NA,NA,NA,NA,NA,NA,BGISEQ,PAIRED; cDNA,NCBI-GEO,high,included,NA
GSE243217,SRR26064280,GSM7780794,Peripheral blood,COVID-19,COVID-19,NA,NA,NA,NA,NA,NA,NA,NA,NA,BGISEQ,PAIRED; cDNA,NCBI-GEO,high,included,NA
GSE243217,SRR26064279,GSM7780795,Peripheral blood,COVID-19,COVID-19,NA,NA,NA,NA,NA,NA,NA,NA,NA,BGISEQ,PAIRED; cDNA,NCBI-GEO,high,included,NA
GSE243217,SRR26064278,GSM7780796,Peripheral blood,COVID-19,COVID-19,NA,NA,NA,NA,NA,NA,NA,NA,NA,BGISEQ,PAIRED; cDNA,NCBI-GEO,high,included,NA
GSE243217,SRR26064277,GSM7780797,Peripheral blood,COVID-19,COVID-19,NA,NA,NA,NA,NA,NA,NA,NA,NA,BGISEQ,PAIRED; cDNA,NCBI-GEO,high,included,NA
GSE243217,SRR26064276,GSM7780798,Peripheral blood,COVID-19,COVID-19,NA,NA,NA,NA,NA,NA,NA,NA,NA,BGISEQ,PAIRED; cDNA,NCBI-GEO,high,included,NA
GSE243217,SRR26064275,GSM7780799,Peripheral blood,COVID-19,COVID-19,NA,NA,NA,NA,NA,NA,NA,NA,NA,BGISEQ,PAIRED; cDNA,NCBI-GEO,high,included,NA
GSE243217,SRR26064274,GSM7780800,Peripheral blood,COVID-19,COVID-19,NA,NA,NA,NA,NA,NA,NA,NA,NA,BGISEQ,PAIRED; cDNA,NCBI-GEO,high,included,NA
GSE243217,SRR26064273,GSM7780801,Peripheral blood,COVID-19,COVID-19,NA,NA,NA,NA,NA,NA,NA,NA,NA,BGISEQ,PAIRED; cDNA,NCBI-GEO,high,included,NA
GSE243217,SRR26064272,GSM7780802,Peripheral blood,COVID-19,COVID-19,NA,NA,NA,NA,NA,NA,NA,NA,NA,BGISEQ,PAIRED; cDNA,NCBI-GEO,high,included,NA
GSE243217,SRR26064271,GSM7780803,Peripheral blood,COVID-19,COVID-19,NA,NA,NA,NA,NA,NA,NA,NA,NA,BGISEQ,PAIRED; cDNA,NCBI-GEO,high,included,NA
GSE243217,SRR26064270,GSM7780804,Peripheral blood,COVID-19,COVID-19,NA,NA,NA,NA,NA,NA,NA,NA,NA,BGISEQ,PAIRED; cDNA,NCBI-GEO,high,included,NA
GSE243217,SRR26064269,GSM7780805,Peripheral blood,COVID-19,COVID-19,NA,NA,NA,NA,NA,NA,NA,NA,NA,BGISEQ,PAIRED; cDNA,NCBI-GEO,high,included,NA
GSE243217,SRR26064262,GSM7780806,Peripheral blood,COVID-19,COVID-19,NA,NA,NA,NA,NA,NA,NA,NA,NA,BGISEQ,PAIRED; cDNA,NCBI-GEO,high,included,NA
GSE243217,SRR26064261,GSM7780807,Peripheral blood,Sepsis,Sepsis,NA,NA,NA,NA,NA,NA,NA,NA,NA,BGISEQ,PAIRED; cDNA,NCBI-GEO,high,specificity_analysis,Sepsis sample excluded from primary analysis
GSE243217,SRR26064260,GSM7780808,Peripheral blood,Sepsis,Sepsis,NA,NA,NA,NA,NA,NA,NA,NA,NA,BGISEQ,PAIRED; cDNA,NCBI-GEO,high,specificity_analysis,Sepsis sample excluded from primary analysis
GSE243217,SRR26064259,GSM7780809,Peripheral blood,Sepsis,Sepsis,NA,NA,NA,NA,NA,NA,NA,NA,NA,BGISEQ,PAIRED; cDNA,NCBI-GEO,high,specificity_analysis,Sepsis sample excluded from primary analysis
GSE243217,SRR26064258,GSM7780810,Peripheral blood,Sepsis,Sepsis,NA,NA,NA,NA,NA,NA,NA,NA,NA,BGISEQ,PAIRED; cDNA,NCBI-GEO,high,specificity_analysis,Sepsis sample excluded from primary analysis
GSE243217,SRR26064257,GSM7780811,Peripheral blood,Sepsis,Sepsis,NA,NA,NA,NA,NA,NA,NA,NA,NA,BGISEQ,PAIRED; cDNA,NCBI-GEO,high,specificity_analysis,Sepsis sample excluded from primary analysis
GSE243217,SRR26064256,GSM7780812,Peripheral blood,Sepsis,Sepsis,NA,NA,NA,NA,NA,NA,NA,NA,NA,BGISEQ,PAIRED; cDNA,NCBI-GEO,high,specificity_analysis,Sepsis sample excluded from primary analysis
GSE243217,SRR26064255,GSM7780813,Peripheral blood,Sepsis,Sepsis,NA,NA,NA,NA,NA,NA,NA,NA,NA,BGISEQ,PAIRED; cDNA,NCBI-GEO,high,specificity_analysis,Sepsis sample excluded from primary analysis
GSE243217,SRR26064254,GSM7780814,Peripheral blood,Sepsis,Sepsis,NA,NA,NA,NA,NA,NA,NA,NA,NA,BGISEQ,PAIRED; cDNA,NCBI-GEO,high,specificity_analysis,Sepsis sample excluded from primary analysis
GSE243217,SRR26064253,GSM7780815,Peripheral blood,Sepsis,Sepsis,NA,NA,NA,NA,NA,NA,NA,NA,NA,BGISEQ,PAIRED; cDNA,NCBI-GEO,high,specificity_analysis,Sepsis sample excluded from primary analysis
GSE243217,SRR26064252,GSM7780816,Peripheral blood,Sepsis,Sepsis,NA,NA,NA,NA,NA,NA,NA,NA,NA,BGISEQ,PAIRED; cDNA,NCBI-GEO,high,specificity_analysis,Sepsis sample excluded from primary analysis
GSE243217,SRR26064251,GSM7780817,Peripheral blood,Sepsis,Sepsis,NA,NA,NA,NA,NA,NA,NA,NA,NA,BGISEQ,PAIRED; cDNA,NCBI-GEO,high,specificity_analysis,Sepsis sample excluded from primary analysis
GSE243217,SRR26064250,GSM7780818,Peripheral blood,Sepsis,Sepsis,NA,NA,NA,NA,NA,NA,NA,NA,NA,BGISEQ,PAIRED; cDNA,NCBI-GEO,high,specificity_analysis,Sepsis sample excluded from primary analysis
GSE243217,SRR26064249,GSM7780819,Peripheral blood,Sepsis,Sepsis,NA,NA,NA,NA,NA,NA,NA,NA,NA,BGISEQ,PAIRED; cDNA,NCBI-GEO,high,specificity_analysis,Sepsis sample excluded from primary analysis
GSE243217,SRR26064248,GSM7780820,Peripheral blood,Sepsis,Sepsis,NA,NA,NA,NA,NA,NA,NA,NA,NA,BGISEQ,PAIRED; cDNA,NCBI-GEO,high,specificity_analysis,Sepsis sample excluded from primary analysis
GSE243217,SRR26064247,GSM7780821,Peripheral blood,Sepsis,Sepsis,NA,NA,NA,NA,NA,NA,NA,NA,NA,BGISEQ,PAIRED; cDNA,NCBI-GEO,high,specificity_analysis,Sepsis sample excluded from primary analysis
GSE243217,SRR26064300,GSM7780822,Peripheral blood,Sepsis,Sepsis,NA,NA,NA,NA,NA,NA,NA,NA,NA,BGISEQ,PAIRED; cDNA,NCBI-GEO,high,specificity_analysis,Sepsis sample excluded from primary analysis
GSE243217,SRR26064299,GSM7780823,Peripheral blood,Sepsis,Sepsis,NA,NA,NA,NA,NA,NA,NA,NA,NA,BGISEQ,PAIRED; cDNA,NCBI-GEO,high,specificity_analysis,Sepsis sample excluded from primary analysis
GSE243217,SRR26064298,GSM7780824,Peripheral blood,Sepsis,Sepsis,NA,NA,NA,NA,NA,NA,NA,NA,NA,BGISEQ,PAIRED; cDNA,NCBI-GEO,high,specificity_analysis,Sepsis sample excluded from primary analysis
GSE243217,SRR26064297,GSM7780825,Peripheral blood,Sepsis,Sepsis,NA,NA,NA,NA,NA,NA,NA,NA,NA,BGISEQ,PAIRED; cDNA,NCBI-GEO,high,specificity_analysis,Sepsis sample excluded from primary analysis
GSE243217,SRR26064296,GSM7780826,Peripheral blood,Sepsis,Sepsis,NA,NA,NA,NA,NA,NA,NA,NA,NA,BGISEQ,PAIRED; cDNA,NCBI-GEO,high,specificity_analysis,Sepsis sample excluded from primary analysis
GSE243217,SRR26064295,GSM7780827,Peripheral blood,Sepsis,Sepsis,NA,NA,NA,NA,NA,NA,NA,NA,NA,BGISEQ,PAIRED; cDNA,NCBI-GEO,high,specificity_analysis,Sepsis sample excluded from primary analysis
GSE243217,SRR26064294,GSM7780828,Peripheral blood,Sepsis,Sepsis,NA,NA,NA,NA,NA,NA,NA,NA,NA,BGISEQ,PAIRED; cDNA,NCBI-GEO,high,specificity_analysis,Sepsis sample excluded from primary analysis
GSE243217,SRR26064293,GSM7780829,Peripheral blood,healthy donor,Control,NA,NA,NA,NA,NA,NA,NA,NA,NA,BGISEQ,PAIRED; cDNA,NCBI-GEO,high,included,NA
GSE243217,SRR26064292,GSM7780830,Peripheral blood,healthy donor,Control,NA,NA,NA,NA,NA,NA,NA,NA,NA,BGISEQ,PAIRED; cDNA,NCBI-GEO,high,included,NA
GSE243217,SRR26064291,GSM7780831,Peripheral blood,healthy donor,Control,NA,NA,NA,NA,NA,NA,NA,NA,NA,BGISEQ,PAIRED; cDNA,NCBI-GEO,high,included,NA
GSE243217,SRR26064290,GSM7780832,Peripheral blood,healthy donor,Control,NA,NA,NA,NA,NA,NA,NA,NA,NA,BGISEQ,PAIRED; cDNA,NCBI-GEO,high,included,NA
GSE243217,SRR26064289,GSM7780833,Peripheral blood,healthy donor,Control,NA,NA,NA,NA,NA,NA,NA,NA,NA,BGISEQ,PAIRED; cDNA,NCBI-GEO,high,included,NA
GSE243217,SRR26064288,GSM7780834,Peripheral blood,healthy donor,Control,NA,NA,NA,NA,NA,NA,NA,NA,NA,BGISEQ,PAIRED; cDNA,NCBI-GEO,high,included,NA
GSE243217,SRR26064287,GSM7780835,Peripheral blood,healthy donor,Control,NA,NA,NA,NA,NA,NA,NA,NA,NA,BGISEQ,PAIRED; cDNA,NCBI-GEO,high,included,NA
GSE243217,SRR26064286,GSM7780836,Peripheral blood,healthy donor,Control,NA,NA,NA,NA,NA,NA,NA,NA,NA,BGISEQ,PAIRED; cDNA,NCBI-GEO,high,included,NA
GSE243217,SRR26064285,GSM7780837,Peripheral blood,healthy donor,Control,NA,NA,NA,NA,NA,NA,NA,NA,NA,BGISEQ,PAIRED; cDNA,NCBI-GEO,high,included,NA
GSE243217,SRR26064268,GSM7780838,Peripheral blood,healthy donor,Control,NA,NA,NA,NA,NA,NA,NA,NA,NA,BGISEQ,PAIRED; cDNA,NCBI-GEO,high,included,NA
GSE243217,SRR26064267,GSM7780839,Peripheral blood,healthy donor,Control,NA,NA,NA,NA,NA,NA,NA,NA,NA,BGISEQ,PAIRED; cDNA,NCBI-GEO,high,included,NA
GSE243217,SRR26064266,GSM7780840,Peripheral blood,healthy donor,Control,NA,NA,NA,NA,NA,NA,NA,NA,NA,BGISEQ,PAIRED; cDNA,NCBI-GEO,high,included,NA
GSE243217,SRR26064265,GSM7780841,Peripheral blood,healthy donor,Control,NA,NA,NA,NA,NA,NA,NA,NA,NA,BGISEQ,PAIRED; cDNA,NCBI-GEO,high,included,NA
GSE243217,SRR26064264,GSM7780842,Peripheral blood,healthy donor,Control,NA,NA,NA,NA,NA,NA,NA,NA,NA,BGISEQ,PAIRED; cDNA,NCBI-GEO,high,included,NA
GSE243217,SRR26064263,GSM7780843,Peripheral blood,healthy donor,Control,NA,NA,NA,NA,NA,NA,NA,NA,NA,BGISEQ,PAIRED; cDNA,NCBI-GEO,high,included,NA
GSE202182,"SRR19077169,SRR19077170",GSM6102731,Kidney,Healthy Kidney,Control,NA,NA,NA,NA,NA,NA,NA,NA,NA,ILLUMINA,PAIRED; cDNA,NCBI-GEO,high,included,NA
GSE202182,"SRR19077167,SRR19077168",GSM6102732,Kidney,Healthy Kidney,Control,NA,NA,NA,NA,NA,NA,NA,NA,NA,ILLUMINA,PAIRED; cDNA,NCBI-GEO,high,included,NA
GSE202182,"SRR19077165,SRR19077166",GSM6102733,Kidney,Healthy Kidney,Control,NA,NA,NA,NA,NA,NA,NA,NA,NA,ILLUMINA,PAIRED; cDNA,NCBI-GEO,high,included,NA
GSE202182,"SRR19077163,SRR19077164",GSM6102734,Kidney,Healthy Kidney,Control,NA,NA,NA,NA,NA,NA,NA,NA,NA,ILLUMINA,PAIRED; cDNA,NCBI-GEO,high,included,NA
GSE202182,"SRR19077161,SRR19077162",GSM6102735,Kidney,Healthy Kidney,Control,NA,NA,NA,NA,NA,NA,NA,NA,NA,ILLUMINA,PAIRED; cDNA,NCBI-GEO,high,included,NA
GSE202182,"SRR19077159,SRR19077160",GSM6102736,Kidney,Healthy Kidney,Control,NA,NA,NA,NA,NA,NA,NA,NA,NA,ILLUMINA,PAIRED; cDNA,NCBI-GEO,high,included,NA
GSE202182,"SRR19077157,SRR19077158",GSM6102737,Kidney,Non-COVID-19 ATI kidneys,Non-COVID-19 ATI,NA,NA,NA,NA,NA,NA,NA,NA,NA,ILLUMINA,PAIRED; cDNA,NCBI-GEO,high,excluded,Non-COVID acute tubular injury
GSE202182,"SRR19077155,SRR19077156",GSM6102738,Kidney,Non-COVID-19 ATI kidneys,Non-COVID-19 ATI,NA,NA,NA,NA,NA,NA,NA,NA,NA,ILLUMINA,PAIRED; cDNA,NCBI-GEO,high,excluded,Non-COVID acute tubular injury
GSE202182,"SRR19077153,SRR19077154",GSM6102739,Kidney,Non-COVID-19 ATI kidneys,Non-COVID-19 ATI,NA,NA,NA,NA,NA,NA,NA,NA,NA,ILLUMINA,PAIRED; cDNA,NCBI-GEO,high,excluded,Non-COVID acute tubular injury
GSE202182,"SRR19077151,SRR19077152",GSM6102740,Kidney,Non-COVID-19 ATI kidneys,Non-COVID-19 ATI,NA,NA,NA,NA,NA,NA,NA,NA,NA,ILLUMINA,PAIRED; cDNA,NCBI-GEO,high,excluded,Non-COVID acute tubular injury
GSE202182,"SRR19077149,SRR19077150",GSM6102741,Kidney,Non-COVID-19 ATI kidneys,Non-COVID-19 ATI,NA,NA,NA,NA,NA,NA,NA,NA,NA,ILLUMINA,PAIRED; cDNA,NCBI-GEO,high,excluded,Non-COVID acute tubular injury
GSE202182,"SRR19077147,SRR19077148",GSM6102742,Kidney,Non-COVID-19 ATI kidneys,Non-COVID-19 ATI,NA,NA,NA,NA,NA,NA,NA,NA,NA,ILLUMINA,PAIRED; cDNA,NCBI-GEO,high,excluded,Non-COVID acute tubular injury
GSE202182,"SRR19077145,SRR19077146",GSM6102743,Kidney,COVID-19,COVID-19,NA,NA,NA,NA,NA,NA,NA,NA,NA,ILLUMINA,PAIRED; cDNA,NCBI-GEO,high,included,NA
GSE202182,"SRR19077143,SRR19077144",GSM6102744,Kidney,COVID-19,COVID-19,NA,NA,NA,NA,NA,NA,NA,NA,NA,ILLUMINA,PAIRED; cDNA,NCBI-GEO,high,included,NA
GSE202182,"SRR19077141,SRR19077142",GSM6102745,Kidney,COVID-19,COVID-19,NA,NA,NA,NA,NA,NA,NA,NA,NA,ILLUMINA,PAIRED; cDNA,NCBI-GEO,high,included,NA
GSE202182,"SRR19077139,SRR19077140",GSM6102746,Kidney,COVID-19,COVID-19,NA,NA,NA,NA,NA,NA,NA,NA,NA,ILLUMINA,PAIRED; cDNA,NCBI-GEO,high,included,NA
GSE202182,"SRR19077137,SRR19077138",GSM6102747,Kidney,COVID-19,COVID-19,NA,NA,NA,NA,NA,NA,NA,NA,NA,ILLUMINA,PAIRED; cDNA,NCBI-GEO,high,included,NA
GSE202182,"SRR19077135,SRR19077136",GSM6102748,Kidney,COVID-19,COVID-19,NA,NA,NA,NA,NA,NA,NA,NA,NA,ILLUMINA,PAIRED; cDNA,NCBI-GEO,high,included,NA
GSE202182,"SRR19077133,SRR19077134",GSM6102749,Kidney,COVID-19,COVID-19,NA,NA,NA,NA,NA,NA,NA,NA,NA,ILLUMINA,PAIRED; cDNA,NCBI-GEO,high,included,NA
GSE202182,"SRR19077131,SRR19077132",GSM6102750,Kidney,COVID-19,COVID-19,NA,NA,NA,NA,NA,NA,NA,NA,NA,ILLUMINA,PAIRED; cDNA,NCBI-GEO,high,included,NA
GSE202182,"SRR19077129,SRR19077130",GSM6102751,Kidney,COVID-19,COVID-19,NA,NA,NA,NA,NA,NA,NA,NA,NA,ILLUMINA,PAIRED; cDNA,NCBI-GEO,high,included,NA
GSE202182,"SRR19077127,SRR19077128",GSM6102752,Kidney,Healthy Kidney,Control,NA,NA,NA,NA,NA,NA,NA,NA,NA,ILLUMINA,PAIRED; cDNA,NCBI-GEO,high,included,NA
GSE202182,"SRR19077125,SRR19077126",GSM6102753,Kidney,Healthy Kidney,Control,NA,NA,NA,NA,NA,NA,NA,NA,NA,ILLUMINA,PAIRED; cDNA,NCBI-GEO,high,included,NA
GSE202182,"SRR19077123,SRR19077124",GSM6102754,Kidney,Healthy Kidney,Control,NA,NA,NA,NA,NA,NA,NA,NA,NA,ILLUMINA,PAIRED; cDNA,NCBI-GEO,high,included,NA
GSE202182,"SRR19077121,SRR19077122",GSM6102755,Kidney,Healthy Kidney,Control,NA,NA,NA,NA,NA,NA,NA,NA,NA,ILLUMINA,PAIRED; cDNA,NCBI-GEO,high,included,NA
GSE202182,"SRR19077119,SRR19077120",GSM6102756,Kidney,Non-COVID-19 ATI kidneys,Non-COVID-19 ATI,NA,NA,NA,NA,NA,NA,NA,NA,NA,ILLUMINA,PAIRED; cDNA,NCBI-GEO,high,excluded,Non-COVID acute tubular injury
GSE202182,"SRR19077117,SRR19077118",GSM6102757,Kidney,Non-COVID-19 ATI kidneys,Non-COVID-19 ATI,NA,NA,NA,NA,NA,NA,NA,NA,NA,ILLUMINA,PAIRED; cDNA,NCBI-GEO,high,excluded,Non-COVID acute tubular injury
GSE202182,"SRR19077115,SRR19077116",GSM6102758,Kidney,Non-COVID-19 ATI kidneys,Non-COVID-19 ATI,NA,NA,NA,NA,NA,NA,NA,NA,NA,ILLUMINA,PAIRED; cDNA,NCBI-GEO,high,excluded,Non-COVID acute tubular injury
GSE202182,"SRR19077113,SRR19077114",GSM6102759,Kidney,Non-COVID-19 ATI kidneys,Non-COVID-19 ATI,NA,NA,NA,NA,NA,NA,NA,NA,NA,ILLUMINA,PAIRED; cDNA,NCBI-GEO,high,excluded,Non-COVID acute tubular injury
GSE202182,"SRR19077111,SRR19077112",GSM6102760,Kidney,COVID-19,COVID-19,NA,NA,NA,NA,NA,NA,NA,NA,NA,ILLUMINA,PAIRED; cDNA,NCBI-GEO,high,included,NA
GSE202182,"SRR19077109,SRR19077110",GSM6102761,Kidney,COVID-19,COVID-19,NA,NA,NA,NA,NA,NA,NA,NA,NA,ILLUMINA,PAIRED; cDNA,NCBI-GEO,high,included,NA
GSE202182,"SRR19077107,SRR19077108",GSM6102762,Kidney,COVID-19,COVID-19,NA,NA,NA,NA,NA,NA,NA,NA,NA,ILLUMINA,PAIRED; cDNA,NCBI-GEO,high,included,NA
GSE202182,"SRR19077105,SRR19077106",GSM6102763,Kidney,COVID-19,COVID-19,NA,NA,NA,NA,NA,NA,NA,NA,NA,ILLUMINA,PAIRED; cDNA,NCBI-GEO,high,included,NA
GSE202182,"SRR19077103,SRR19077104",GSM6102764,Kidney,Hantavirus,Hantavirus,NA,NA,NA,NA,NA,NA,NA,NA,NA,ILLUMINA,PAIRED; cDNA,NCBI-GEO,high,excluded,Hantavirus infection
GSE202182,"SRR19077101,SRR19077102",GSM6102765,Kidney,Hantavirus,Hantavirus,NA,NA,NA,NA,NA,NA,NA,NA,NA,ILLUMINA,PAIRED; cDNA,NCBI-GEO,high,excluded,Hantavirus infection
GSE202182,"SRR19077099,SRR19077100",GSM6102766,Kidney,Hantavirus,Hantavirus,NA,NA,NA,NA,NA,NA,NA,NA,NA,ILLUMINA,PAIRED; cDNA,NCBI-GEO,high,excluded,Hantavirus infection
GSE202182,"SRR19077097,SRR19077098",GSM6102767,Kidney,Hantavirus,Hantavirus,NA,NA,NA,NA,NA,NA,NA,NA,NA,ILLUMINA,PAIRED; cDNA,NCBI-GEO,high,excluded,Hantavirus infection
GSE208076,SRR20114180,GSM6336792,Lung,normal,Control,NA,NA,NA,NA,NA,NA,NA,NA,NA,ILLUMINA,PAIRED; cDNA,NCBI-GEO,high,included,NA
GSE208076,SRR20114179,GSM6336793,Lung,normal,Control,NA,NA,NA,NA,NA,NA,NA,NA,NA,ILLUMINA,PAIRED; cDNA,NCBI-GEO,high,included,NA
GSE208076,SRR20114178,GSM6336794,Lung,normal,Control,NA,NA,NA,NA,NA,NA,NA,NA,NA,ILLUMINA,PAIRED; cDNA,NCBI-GEO,high,included,NA
GSE208076,SRR20114177,GSM6336795,Lung,Covid-19,COVID-19,NA,NA,NA,NA,NA,NA,NA,NA,NA,ILLUMINA,PAIRED; cDNA,NCBI-GEO,high,included,NA
GSE208076,SRR20114176,GSM6336796,Lung,Covid-19,COVID-19,NA,NA,NA,NA,NA,NA,NA,NA,NA,ILLUMINA,PAIRED; cDNA,NCBI-GEO,high,included,NA
GSE208076,SRR20114175,GSM6336797,Lung,Covid-19,COVID-19,NA,NA,NA,NA,NA,NA,NA,NA,NA,ILLUMINA,PAIRED; cDNA,NCBI-GEO,high,included,NA
GSE208076,SRR20114174,GSM6336798,Lung,Covid-19,COVID-19,NA,NA,NA,NA,NA,NA,NA,NA,NA,ILLUMINA,PAIRED; cDNA,NCBI-GEO,high,included,NA
GSE208076,SRR20114173,GSM6336799,Lung,Covid-19,COVID-19,NA,NA,NA,NA,NA,NA,NA,NA,NA,ILLUMINA,PAIRED; cDNA,NCBI-GEO,high,included,NA
GSE208076,SRR20114172,GSM6336800,Lung,Covid-19,COVID-19,NA,NA,NA,NA,NA,NA,NA,NA,NA,ILLUMINA,PAIRED; cDNA,NCBI-GEO,high,included,NA
GSE208076,SRR20114171,GSM6336801,Lung,Covid-19,COVID-19,NA,NA,NA,NA,NA,NA,NA,NA,NA,ILLUMINA,PAIRED; cDNA,NCBI-GEO,high,included,NA
GSE211979,SRR24919224,GSM7483245,PBMC,severe convalescent COVID-19,COVID-19,Severe,NA,NA,NA,NA,NA,NA,NA,NA,ILLUMINA,PAIRED; cDNA,NCBI-GEO,high,included,NA
GSE211979,SRR24919223,GSM7483247,PBMC,severe convalescent COVID-19,COVID-19,Severe,NA,NA,NA,NA,NA,NA,NA,NA,ILLUMINA,PAIRED; cDNA,NCBI-GEO,high,included,NA
GSE211979,SRR24919222,GSM7483248,PBMC,severe convalescent COVID-19,COVID-19,Severe,NA,NA,NA,NA,NA,NA,NA,NA,ILLUMINA,PAIRED; cDNA,NCBI-GEO,high,included,NA
GSE211979,SRR24919221,GSM7483249,PBMC,severe convalescent COVID-19,COVID-19,Severe,NA,NA,NA,NA,NA,NA,NA,NA,ILLUMINA,PAIRED; cDNA,NCBI-GEO,high,included,NA
GSE211979,SRR24919220,GSM7483250,PBMC,severe convalescent COVID-19,COVID-19,Severe,NA,NA,NA,NA,NA,NA,NA,NA,ILLUMINA,PAIRED; cDNA,NCBI-GEO,high,included,NA
GSE211979,SRR24919219,GSM7483251,PBMC,severe convalescent COVID-19,COVID-19,Severe,NA,NA,NA,NA,NA,NA,NA,NA,ILLUMINA,PAIRED; cDNA,NCBI-GEO,high,included,NA
GSE211979,SRR24919218,GSM7483253,PBMC,severe convalescent COVID-19,COVID-19,Severe,NA,NA,NA,NA,NA,NA,NA,NA,ILLUMINA,PAIRED; cDNA,NCBI-GEO,high,included,NA
GSE211979,SRR24919217,GSM7483254,PBMC,severe convalescent COVID-19,COVID-19,Severe,NA,NA,NA,NA,NA,NA,NA,NA,ILLUMINA,PAIRED; cDNA,NCBI-GEO,high,included,NA
GSE211979,SRR24919216,GSM7483255,PBMC,severe convalescent COVID-19,COVID-19,Severe,NA,NA,NA,NA,NA,NA,NA,NA,ILLUMINA,PAIRED; cDNA,NCBI-GEO,high,included,NA
GSE211979,SRR24919215,GSM7483256,PBMC,severe convalescent COVID-19,COVID-19,Severe,NA,NA,NA,NA,NA,NA,NA,NA,ILLUMINA,PAIRED; cDNA,NCBI-GEO,high,included,NA
GSE211979,SRR24919214,GSM7483258,PBMC,severe convalescent COVID-19,COVID-19,Severe,NA,NA,NA,NA,NA,NA,NA,NA,ILLUMINA,PAIRED; cDNA,NCBI-GEO,high,included,NA
GSE211979,SRR24919213,GSM7483259,PBMC,severe convalescent COVID-19,COVID-19,Severe,NA,NA,NA,NA,NA,NA,NA,NA,ILLUMINA,PAIRED; cDNA,NCBI-GEO,high,included,NA
GSE211979,SRR24919212,GSM7483260,PBMC,severe convalescent COVID-19,COVID-19,Severe,NA,NA,NA,NA,NA,NA,NA,NA,ILLUMINA,PAIRED; cDNA,NCBI-GEO,high,included,NA
GSE211979,SRR24919211,GSM7483261,PBMC,severe convalescent COVID-19,COVID-19,Severe,NA,NA,NA,NA,NA,NA,NA,NA,ILLUMINA,PAIRED; cDNA,NCBI-GEO,high,included,NA
GSE211979,SRR24919210,GSM7483263,PBMC,severe convalescent COVID-19,COVID-19,Severe,NA,NA,NA,NA,NA,NA,NA,NA,ILLUMINA,PAIRED; cDNA,NCBI-GEO,high,included,NA
GSE211979,SRR24919209,GSM7483264,PBMC,severe convalescent COVID-19,COVID-19,Severe,NA,NA,NA,NA,NA,NA,NA,NA,ILLUMINA,PAIRED; cDNA,NCBI-GEO,high,included,NA
GSE211979,SRR24919208,GSM7483265,PBMC,severe convalescent COVID-19,COVID-19,Severe,NA,NA,NA,NA,NA,NA,NA,NA,ILLUMINA,PAIRED; cDNA,NCBI-GEO,high,included,NA
GSE211979,SRR24919207,GSM7483266,PBMC,severe convalescent COVID-19,COVID-19,Severe,NA,NA,NA,NA,NA,NA,NA,NA,ILLUMINA,PAIRED; cDNA,NCBI-GEO,high,included,NA
GSE211979,SRR24919206,GSM7483267,PBMC,severe convalescent COVID-19,COVID-19,Severe,NA,NA,NA,NA,NA,NA,NA,NA,ILLUMINA,PAIRED; cDNA,NCBI-GEO,high,included,NA
GSE211979,SRR24919205,GSM7483269,PBMC,severe convalescent COVID-19,COVID-19,Severe,NA,NA,NA,NA,NA,NA,NA,NA,ILLUMINA,PAIRED; cDNA,NCBI-GEO,high,included,NA
GSE211979,SRR24919204,GSM7483270,PBMC,severe convalescent COVID-19,COVID-19,Severe,NA,NA,NA,NA,NA,NA,NA,NA,ILLUMINA,PAIRED; cDNA,NCBI-GEO,high,included,NA
GSE211979,SRR24919203,GSM7483271,PBMC,severe convalescent COVID-19,COVID-19,Severe,NA,NA,NA,NA,NA,NA,NA,NA,ILLUMINA,PAIRED; cDNA,NCBI-GEO,high,included,NA
GSE211979,SRR24919202,GSM7483272,PBMC,severe convalescent COVID-19,COVID-19,Severe,NA,NA,NA,NA,NA,NA,NA,NA,ILLUMINA,PAIRED; cDNA,NCBI-GEO,high,included,NA
GSE211979,SRR24919201,GSM7483273,PBMC,severe convalescent COVID-19,COVID-19,Severe,NA,NA,NA,NA,NA,NA,NA,NA,ILLUMINA,PAIRED; cDNA,NCBI-GEO,high,included,NA
GSE211979,SRR24919200,GSM7483275,PBMC,severe convalescent COVID-19,COVID-19,Severe,NA,NA,NA,NA,NA,NA,NA,NA,ILLUMINA,PAIRED; cDNA,NCBI-GEO,high,included,NA
GSE211979,SRR24919199,GSM7483276,PBMC,severe convalescent COVID-19,COVID-19,Severe,NA,NA,NA,NA,NA,NA,NA,NA,ILLUMINA,PAIRED; cDNA,NCBI-GEO,high,included,NA
GSE211979,SRR24919198,GSM7483277,PBMC,severe convalescent COVID-19,COVID-19,Severe,NA,NA,NA,NA,NA,NA,NA,NA,ILLUMINA,PAIRED; cDNA,NCBI-GEO,high,included,NA
GSE211979,SRR24919197,GSM7483278,PBMC,severe convalescent COVID-19,COVID-19,Severe,NA,NA,NA,NA,NA,NA,NA,NA,ILLUMINA,PAIRED; cDNA,NCBI-GEO,high,included,NA
GSE211979,SRR24919196,GSM7483280,PBMC,severe convalescent COVID-19,COVID-19,Severe,NA,NA,NA,NA,NA,NA,NA,NA,ILLUMINA,PAIRED; cDNA,NCBI-GEO,high,included,NA
GSE211979,SRR24919195,GSM7483281,PBMC,severe convalescent COVID-19,COVID-19,Severe,NA,NA,NA,NA,NA,NA,NA,NA,ILLUMINA,PAIRED; cDNA,NCBI-GEO,high,included,NA
GSE211979,SRR24919194,GSM7483282,PBMC,severe convalescent COVID-19,COVID-19,Severe,NA,NA,NA,NA,NA,NA,NA,NA,ILLUMINA,PAIRED; cDNA,NCBI-GEO,high,included,NA
GSE211979,SRR24919193,GSM7483283,PBMC,severe convalescent COVID-19,COVID-19,Severe,NA,NA,NA,NA,NA,NA,NA,NA,ILLUMINA,PAIRED; cDNA,NCBI-GEO,high,included,NA
GSE211979,SRR24919192,GSM7483284,PBMC,severe convalescent COVID-19,COVID-19,Severe,NA,NA,NA,NA,NA,NA,NA,NA,ILLUMINA,PAIRED; cDNA,NCBI-GEO,high,included,NA
GSE211979,SRR24919191,GSM7483286,PBMC,severe convalescent COVID-19,COVID-19,Severe,NA,NA,NA,NA,NA,NA,NA,NA,ILLUMINA,PAIRED; cDNA,NCBI-GEO,high,included,NA
GSE211979,SRR24919190,GSM7483287,PBMC,severe convalescent COVID-19,COVID-19,Severe,NA,NA,NA,NA,NA,NA,NA,NA,ILLUMINA,PAIRED; cDNA,NCBI-GEO,high,included,NA
GSE211979,SRR24919189,GSM7483288,PBMC,severe convalescent COVID-19,COVID-19,Severe,NA,NA,NA,NA,NA,NA,NA,NA,ILLUMINA,PAIRED; cDNA,NCBI-GEO,high,included,NA
GSE211979,SRR24919188,GSM7483289,PBMC,Healthy,Control,NA,NA,NA,NA,NA,NA,NA,NA,NA,ILLUMINA,PAIRED; cDNA,NCBI-GEO,high,included,NA
GSE211979,SRR24919187,GSM7483290,PBMC,Healthy,Control,NA,NA,NA,NA,NA,NA,NA,NA,NA,ILLUMINA,PAIRED; cDNA,NCBI-GEO,high,included,NA
GSE211979,SRR24919186,GSM7483291,PBMC,Healthy,Control,NA,NA,NA,NA,NA,NA,NA,NA,NA,ILLUMINA,PAIRED; cDNA,NCBI-GEO,high,included,NA
GSE211979,SRR24919185,GSM7483293,PBMC,Healthy,Control,NA,NA,NA,NA,NA,NA,NA,NA,NA,ILLUMINA,PAIRED; cDNA,NCBI-GEO,high,included,NA
GSE211979,SRR24919184,GSM7483294,PBMC,Healthy,Control,NA,NA,NA,NA,NA,NA,NA,NA,NA,ILLUMINA,PAIRED; cDNA,NCBI-GEO,high,included,NA
GSE211979,SRR24919183,GSM7483295,PBMC,Healthy,Control,NA,NA,NA,NA,NA,NA,NA,NA,NA,ILLUMINA,PAIRED; cDNA,NCBI-GEO,high,included,NA
GSE211979,SRR24919182,GSM7483296,PBMC,Healthy,Control,NA,NA,NA,NA,NA,NA,NA,NA,NA,ILLUMINA,PAIRED; cDNA,NCBI-GEO,high,included,NA
GSE211979,SRR24919181,GSM7483298,PBMC,Healthy,Control,NA,NA,NA,NA,NA,NA,NA,NA,NA,ILLUMINA,PAIRED; cDNA,NCBI-GEO,high,included,NA
GSE211979,SRR24919180,GSM7483299,PBMC,Healthy,Control,NA,NA,NA,NA,NA,NA,NA,NA,NA,ILLUMINA,PAIRED; cDNA,NCBI-GEO,high,included,NA
GSE211979,SRR24919179,GSM7483300,PBMC,Healthy,Control,NA,NA,NA,NA,NA,NA,NA,NA,NA,ILLUMINA,PAIRED; cDNA,NCBI-GEO,high,included,NA
GSE211979,SRR24919178,GSM7483301,PBMC,Healthy,Control,NA,NA,NA,NA,NA,NA,NA,NA,NA,ILLUMINA,PAIRED; cDNA,NCBI-GEO,high,included,NA
GSE211979,SRR24919177,GSM7483303,PBMC,Healthy,Control,NA,NA,NA,NA,NA,NA,NA,NA,NA,ILLUMINA,PAIRED; cDNA,NCBI-GEO,high,included,NA
GSE211979,SRR24919176,GSM7483304,PBMC,Healthy,Control,NA,NA,NA,NA,NA,NA,NA,NA,NA,ILLUMINA,PAIRED; cDNA,NCBI-GEO,high,included,NA
GSE211979,SRR24919175,GSM7483305,PBMC,Healthy,Control,NA,NA,NA,NA,NA,NA,NA,NA,NA,ILLUMINA,PAIRED; cDNA,NCBI-GEO,high,included,NA
GSE169241,SRR14016000,GSM5188270,Heart,SARS-CoV-2 infected_heart,COVID-19,NA,NA,NA,NA,NA,NA,NA,NA,NA,ILLUMINA,PAIRED; cDNA,NCBI-GEO,high,included,NA
GSE169241,SRR14016001,GSM5188271,Heart,SARS-CoV-2 infected_heart,COVID-19,NA,NA,NA,NA,NA,NA,NA,NA,NA,ILLUMINA,PAIRED; cDNA,NCBI-GEO,high,included,NA
GSE169241,SRR14016002,GSM5188272,Heart,SARS-CoV-2 infected_heart,COVID-19,NA,NA,NA,NA,NA,NA,NA,NA,NA,ILLUMINA,PAIRED; cDNA,NCBI-GEO,high,included,NA
GSE169241,SRR14016003,GSM5188273,Heart,Uninfected_heart,Control,NA,NA,NA,NA,NA,NA,NA,NA,NA,ILLUMINA,PAIRED; cDNA,NCBI-GEO,high,included,NA
GSE169241,SRR14016004,GSM5188274,Heart,Uninfected_heart,Control,NA,NA,NA,NA,NA,NA,NA,NA,NA,ILLUMINA,PAIRED; cDNA,NCBI-GEO,high,included,NA
GSE169241,SRR14016005,GSM5188275,Heart,Uninfected_heart,Control,NA,NA,NA,NA,NA,NA,NA,NA,NA,ILLUMINA,SINGLE; cDNA,NCBI-GEO,high,included,NA
GSE169241,SRR14016006,GSM5188276,Heart,Uninfected_heart,Control,NA,NA,NA,NA,NA,NA,NA,NA,NA,ILLUMINA,SINGLE; cDNA,NCBI-GEO,high,included,NA
GSE169241,SRR14016007,GSM5188277,Heart,Uninfected_heart,Control,NA,NA,NA,NA,NA,NA,NA,NA,NA,ILLUMINA,SINGLE; cDNA,NCBI-GEO,high,included,NA
GSE169241,SRR14016008,GSM5188278,Human ES-derived cardiomyocyte,SARS-CoV-2 infected_DMSO treated_ES-derived cardiomyocyte,NA,NA,DMSO treated,NA,NA,NA,NA,NA,NA,NA,ILLUMINA,PAIRED; cDNA,NCBI-GEO,high,excluded,ES-derived model rather than human heart
GSE169241,SRR14016009,GSM5188279,Human ES-derived cardiomyocyte,SARS-CoV-2 infected_DMSO treated_ES-derived cardiomyocyte,NA,NA,DMSO treated,NA,NA,NA,NA,NA,NA,NA,ILLUMINA,PAIRED; cDNA,NCBI-GEO,high,excluded,ES-derived model rather than human heart
GSE169241,SRR14016010,GSM5188280,Human ES-derived cardiomyocyte,SARS-CoV-2 infected_DMSO treated_ES-derived cardiomyocyte,NA,NA,DMSO treated,NA,NA,NA,NA,NA,NA,NA,ILLUMINA,PAIRED; cDNA,NCBI-GEO,high,excluded,ES-derived model rather than human heart
GSE169241,SRR14016011,GSM5188281,Human ES-derived cardiomyocyte,SARS-CoV-2 infected_Ranolazine treated_ES-derived cardiomyocyte,NA,NA,Ranolazine treated,NA,NA,NA,NA,NA,NA,NA,ILLUMINA,PAIRED; cDNA,NCBI-GEO,high,excluded,ES-derived model rather than human heart
GSE169241,SRR14016012,GSM5188282,Human ES-derived cardiomyocyte,SARS-CoV-2 infected_Ranolazine treated_ES-derived cardiomyocyte,NA,NA,Ranolazine treated,NA,NA,NA,NA,NA,NA,NA,ILLUMINA,PAIRED; cDNA,NCBI-GEO,high,excluded,ES-derived model rather than human heart
GSE169241,SRR14016013,GSM5188283,Human ES-derived cardiomyocyte,SARS-CoV-2 infected_Ranolazine treated_ES-derived cardiomyocyte,NA,NA,Ranolazine treated,NA,NA,NA,NA,NA,NA,NA,ILLUMINA,PAIRED; cDNA,NCBI-GEO,high,excluded,ES-derived model rather than human heart
GSE169241,SRR14016014,GSM5188284,Human ES-derived cardiomyocyte,SARS-CoV-2 infected_Tofacitinib treated_ES-derived cardiomyocyte,NA,NA,Tofacitinib treated,NA,NA,NA,NA,NA,NA,NA,ILLUMINA,PAIRED; cDNA,NCBI-GEO,high,excluded,ES-derived model rather than human heart
GSE169241,SRR14016015,GSM5188285,Human ES-derived cardiomyocyte,SARS-CoV-2 infected_Tofacitinib treated_ES-derived cardiomyocyte,NA,NA,Tofacitinib treated,NA,NA,NA,NA,NA,NA,NA,ILLUMINA,PAIRED; cDNA,NCBI-GEO,high,excluded,ES-derived model rather than human heart
GSE169241,SRR14016016,GSM5188286,Human ES-derived cardiomyocyte,SARS-CoV-2 infected_Tofacitinib treated_ES-derived cardiomyocyte,NA,NA,Tofacitinib treated,NA,NA,NA,NA,NA,NA,NA,ILLUMINA,PAIRED; cDNA,NCBI-GEO,high,excluded,ES-derived model rather than human heart
GSE169241,SRR14016017,GSM5188287,Human ES-derived macrophage,Uninfected_ES-derived machrophage,NA,NA,No treatment,NA,NA,NA,NA,NA,NA,NA,ILLUMINA,PAIRED; cDNA,NCBI-GEO,high,excluded,ES-derived model rather than human heart
GSE169241,SRR14016018,GSM5188288,Human ES-derived macrophage,Uninfected_ES-derived machrophage,NA,NA,No treatment,NA,NA,NA,NA,NA,NA,NA,ILLUMINA,PAIRED; cDNA,NCBI-GEO,high,excluded,ES-derived model rather than human heart
GSE169241,SRR14016019,GSM5188289,Human ES-derived macrophage,Uninfected_ES-derived machrophage,NA,NA,No treatment,NA,NA,NA,NA,NA,NA,NA,ILLUMINA,PAIRED; cDNA,NCBI-GEO,high,excluded,ES-derived model rather than human heart
GSE169241,SRR14016020,GSM5188290,Human ES-derived macrophage,SARS-CoV-2 infected_ES-derived machrophage,NA,NA,No treatment,NA,NA,NA,NA,NA,NA,NA,ILLUMINA,PAIRED; cDNA,NCBI-GEO,high,excluded,ES-derived model rather than human heart
GSE169241,SRR14016021,GSM5188291,Human ES-derived macrophage,SARS-CoV-2 infected_ES-derived machrophage,NA,NA,No treatment,NA,NA,NA,NA,NA,NA,NA,ILLUMINA,PAIRED; cDNA,NCBI-GEO,high,excluded,ES-derived model rather than human heart
GSE169241,SRR14016022,GSM5188292,Human ES-derived macrophage,SARS-CoV-2 infected_ES-derived machrophage,NA,NA,No treatment,NA,NA,NA,NA,NA,NA,NA,ILLUMINA,PAIRED; cDNA,NCBI-GEO,high,excluded,ES-derived model rather than human heart
GSE149312,SRR11614663,GSM4499449,Gut organoids,Control (untreated),Control,NA,NA,NA,NA,NA,NA,NA,NA,NA,ILLUMINA,PAIRED; cDNA,NCBI-GEO,high,included,NA
GSE149312,SRR11614664,GSM4499451,Gut organoids,Control (untreated),Control,NA,NA,NA,NA,NA,NA,NA,NA,NA,ILLUMINA,PAIRED; cDNA,NCBI-GEO,high,included,NA
GSE149312,SRR11614665,GSM4499454,Gut organoids,SARS-CoV-2 infected,COVID-19,NA,NA,NA,NA,NA,NA,NA,NA,NA,ILLUMINA,PAIRED; cDNA,NCBI-GEO,high,included,NA
GSE149312,SRR11614666,GSM4499456,Gut organoids,SARS-CoV-2 infected,COVID-19,NA,NA,NA,NA,NA,NA,NA,NA,NA,ILLUMINA,PAIRED; cDNA,NCBI-GEO,high,included,NA
GSE149312,SRR11614667,GSM4499458,Gut organoids,SARS-CoV-2 infected,COVID-19,NA,NA,NA,NA,NA,NA,NA,NA,NA,ILLUMINA,PAIRED; cDNA,NCBI-GEO,high,included,NA
GSE149312,SRR11614668,GSM4499460,Gut organoids,SARS-CoV-2 infected,COVID-19,NA,NA,NA,NA,NA,NA,NA,NA,NA,ILLUMINA,PAIRED; cDNA,NCBI-GEO,high,included,NA
GSE149312,SRR11614669,GSM4499463,Gut organoids,Control (untreated),Control,NA,NA,NA,NA,NA,NA,NA,NA,NA,ILLUMINA,PAIRED; cDNA,NCBI-GEO,high,included,NA
GSE149312,SRR11614670,GSM4499465,Gut organoids,Control (untreated),Control,NA,NA,NA,NA,NA,NA,NA,NA,NA,ILLUMINA,PAIRED; cDNA,NCBI-GEO,high,included,NA
GSE149312,SRR11614671,GSM4499468,Gut organoids,SARS-CoV infected,SARS-COV,NA,NA,NA,NA,NA,NA,NA,NA,NA,ILLUMINA,PAIRED; cDNA,NCBI-GEO,high,excluded,SARS-CoV comparator
GSE149312,SRR11614672,GSM4499470,Gut organoids,SARS-CoV infected,SARS-COV,NA,NA,NA,NA,NA,NA,NA,NA,NA,ILLUMINA,PAIRED; cDNA,NCBI-GEO,high,excluded,SARS-CoV comparator
GSE149312,SRR11614673,GSM4499472,Gut organoids,SARS-CoV infected,SARS-COV,NA,NA,NA,NA,NA,NA,NA,NA,NA,ILLUMINA,PAIRED; cDNA,NCBI-GEO,high,excluded,SARS-CoV comparator
GSE149312,SRR11614674,GSM4499475,Gut organoids,SARS-CoV infected,SARS-COV,NA,NA,NA,NA,NA,NA,NA,NA,NA,ILLUMINA,PAIRED; cDNA,NCBI-GEO,high,excluded,SARS-CoV comparator
GSE149312,SRR11614675,GSM4499477,Gut organoids,SARS-CoV-2 infected,COVID-19,NA,NA,NA,NA,NA,NA,NA,NA,NA,ILLUMINA,PAIRED; cDNA,NCBI-GEO,high,included,NA
GSE149312,SRR11614676,GSM4499479,Gut organoids,SARS-CoV-2 infected,COVID-19,NA,NA,NA,NA,NA,NA,NA,NA,NA,ILLUMINA,PAIRED; cDNA,NCBI-GEO,high,included,NA
GSE149312,SRR11614677,GSM4499482,Gut organoids,SARS-CoV-2 infected,COVID-19,NA,NA,NA,NA,NA,NA,NA,NA,NA,ILLUMINA,PAIRED; cDNA,NCBI-GEO,high,included,NA
GSE149312,SRR11614678,GSM4499484,Gut organoids,SARS-CoV-2 infected,COVID-19,NA,NA,NA,NA,NA,NA,NA,NA,NA,ILLUMINA,PAIRED; cDNA,NCBI-GEO,high,included,NA
GSE149312,SRR11614679,GSM4499486,Gut organoids,Control (untreated),Control,NA,NA,NA,NA,NA,NA,NA,NA,NA,ILLUMINA,PAIRED; cDNA,NCBI-GEO,high,included,NA
GSE149312,SRR11614680,GSM4499489,Gut organoids,Control (untreated),Control,NA,NA,NA,NA,NA,NA,NA,NA,NA,ILLUMINA,PAIRED; cDNA,NCBI-GEO,high,included,NA
GSE149312,SRR11614681,GSM4499491,Gut organoids,SARS-CoV infected,SARS-COV,NA,NA,NA,NA,NA,NA,NA,NA,NA,ILLUMINA,PAIRED; cDNA,NCBI-GEO,high,excluded,SARS-CoV comparator
GSE149312,SRR11614682,GSM4499493,Gut organoids,SARS-CoV infected,SARS-COV,NA,NA,NA,NA,NA,NA,NA,NA,NA,ILLUMINA,PAIRED; cDNA,NCBI-GEO,high,excluded,SARS-CoV comparator
GSE149312,SRR11614683,GSM4499496,Gut organoids,SARS-CoV-2 infected,COVID-19,NA,NA,NA,NA,NA,NA,NA,NA,NA,ILLUMINA,PAIRED; cDNA,NCBI-GEO,high,included,NA
GSE149312,SRR11614684,GSM4499498,Gut organoids,SARS-CoV-2 infected,COVID-19,NA,NA,NA,NA,NA,NA,NA,NA,NA,ILLUMINA,PAIRED; cDNA,NCBI-GEO,high,included,NA
GSE182917,SRR15652275,GSM5542935,Liver,COVID-19 (Critical),COVID-19,Critical,NA,NA,NA,87,Male,NA,NA,NA,ILLUMINA,PAIRED; cDNA,NCBI-GEO,medium,included,NA
GSE182917,SRR15652276,GSM5542936,Liver,COVID-19,COVID-19,NA,NA,NA,NA,57,Female,NA,NA,NA,ILLUMINA,PAIRED; cDNA,NCBI-GEO,medium,included,NA
GSE182917,SRR15652277,GSM5542937,Liver,COVID-19 (Severe pneumonia),COVID-19,Severe,NA,NA,NA,73,Female,NA,NA,NA,ILLUMINA,PAIRED; cDNA,NCBI-GEO,medium,included,NA
GSE182917,SRR15652278,GSM5542938,Liver,COVID-19,COVID-19,NA,NA,NA,NA,76,Male,NA,NA,NA,ILLUMINA,PAIRED; cDNA,NCBI-GEO,medium,included,NA
GSE182917,SRR15652279,GSM5542939,Heart,COVID-19 (Severe pneumonia),COVID-19,Severe,NA,NA,NA,73,Female,NA,NA,NA,ILLUMINA,PAIRED; cDNA,NCBI-GEO,medium,included,NA
GSE182917,SRR15652280,GSM5542940,Heart,COVID-19,COVID-19,NA,NA,NA,NA,88,Male,NA,NA,NA,ILLUMINA,PAIRED; cDNA,NCBI-GEO,medium,included,NA
GSE182917,SRR15652281,GSM5542941,Kidney,COVID-19,COVID-19,NA,NA,NA,NA,57,Female,NA,NA,NA,ILLUMINA,PAIRED; cDNA,NCBI-GEO,medium,included,NA
GSE182917,SRR15652282,GSM5542942,Kidney,COVID-19,COVID-19,NA,NA,NA,NA,88,Male,NA,NA,NA,ILLUMINA,PAIRED; cDNA,NCBI-GEO,medium,included,NA
GSE182917,SRR15652283,GSM5542943,Spleen,COVID-19 (Severe pneumonia),COVID-19,Severe,NA,NA,NA,73,Female,NA,NA,NA,ILLUMINA,PAIRED; cDNA,NCBI-GEO,medium,included,NA
GSE182917,SRR15652284,GSM5542944,Spleen,COVID-19,COVID-19,NA,NA,NA,NA,88,Male,NA,NA,NA,ILLUMINA,PAIRED; cDNA,NCBI-GEO,medium,included,NA
GSE182917,SRR15652285,GSM5542945,Lung,COVID-19,COVID-19,NA,NA,NA,NA,64,Male,NA,NA,NA,ILLUMINA,PAIRED; cDNA,NCBI-GEO,medium,included,NA
GSE182917,SRR15652286,GSM5542946,Lung,COVID-19,COVID-19,NA,NA,NA,NA,87,Male,NA,NA,NA,ILLUMINA,PAIRED; cDNA,NCBI-GEO,medium,included,NA
GSE182917,SRR15652287,GSM5542947,Lung,COVID-19,COVID-19,NA,NA,NA,NA,57,Female,NA,NA,NA,ILLUMINA,PAIRED; cDNA,NCBI-GEO,medium,included,NA
GSE182917,SRR15652288,GSM5542948,Lung,COVID-19,COVID-19,NA,NA,NA,NA,62,Male,NA,NA,NA,ILLUMINA,PAIRED; cDNA,NCBI-GEO,medium,included,NA
GSE182917,SRR15652289,GSM5542949,Lung,COVID-19,COVID-19,NA,NA,NA,NA,73,Female,NA,NA,NA,ILLUMINA,PAIRED; cDNA,NCBI-GEO,medium,included,NA
GSE182917,SRR15652290,GSM5542950,Lung,COVID-19,COVID-19,NA,NA,NA,NA,88,Male,NA,NA,NA,ILLUMINA,PAIRED; cDNA,NCBI-GEO,medium,included,NA
GSE182917,SRR15652291,GSM5542951,Lung,COVID-19,COVID-19,NA,NA,NA,NA,53,Female,NA,NA,NA,ILLUMINA,PAIRED; cDNA,NCBI-GEO,medium,included,NA
GSE182917,SRR15652292,GSM5542952,Lung,COVID-19,COVID-19,NA,NA,NA,NA,74,Female,NA,NA,NA,ILLUMINA,PAIRED; cDNA,NCBI-GEO,medium,included,NA
GSE182917,SRR15652293,GSM5542953,Lung,COVID-19,COVID-19,NA,NA,NA,NA,56,Female,NA,NA,NA,ILLUMINA,PAIRED; cDNA,NCBI-GEO,medium,included,NA
GSE182917,SRR15652294,GSM5542954,Lung,COVID-19,COVID-19,NA,NA,NA,NA,84,Female,NA,NA,NA,ILLUMINA,PAIRED; cDNA,NCBI-GEO,medium,included,NA
GSE182917,SRR15652295,GSM5542955,Lung,COVID-19,COVID-19,NA,NA,NA,NA,60,Female,NA,NA,NA,ILLUMINA,PAIRED; cDNA,NCBI-GEO,medium,included,NA
GSE182917,SRR15652296,GSM5542956,Lung,Lung squamous cell carcinoma,Control,NA,NA,NA,NA,73,Male,NA,NA,NA,ILLUMINA,PAIRED; cDNA,NCBI-GEO,medium,included,NA
GSE182917,SRR15652297,GSM5542957,Lung,Pneumonia,Control,NA,NA,NA,NA,51,Male,NA,NA,NA,ILLUMINA,PAIRED; cDNA,NCBI-GEO,medium,included,NA
GSE182917,SRR15652298,GSM5542958,Lung,Pulmonary bronchiectasis,Control,NA,NA,NA,NA,64,Male,NA,NA,NA,ILLUMINA,PAIRED; cDNA,NCBI-GEO,medium,included,NA
