Run,Assay Type,AvgSpotLen,Bases,BioProject,BioSample,Bytes,Center Name,Consent,DATASTORE filetype,DATASTORE provider,DATASTORE region,Experiment,GEO_Accession (exp),Instrument,LibraryLayout,LibrarySelection,LibrarySource,Organism,Platform,ReleaseDate,create_date,version,Sample Name,source_name,SRA Study,tissue/cell_type,treatment,virus
SRR14016000,RNA-Seq,102,3323338602,PRJNA715767,SAMN18383718,1052876259,GEO,public,"fastq,sra,run.zq","s3,ncbi,gs","s3.us-east-1,gs.us-east1,ncbi.public",SRX10392770,GSM5188270,Illumina NovaSeq 6000,PAIRED,cDNA,TRANSCRIPTOMIC,Homo sapiens,ILLUMINA,2021-04-16T00:00:00Z,2021-03-20T11:50:00Z,1,GSM5188270,SARS-CoV-2 infected_heart,SRP311379,human heart,missing,SARS-CoV-2 infected person
SRR14016001,RNA-Seq,102,3208092372,PRJNA715767,SAMN18383717,1021453726,GEO,public,"fastq,sra,run.zq","s3,gs,ncbi","s3.us-east-1,ncbi.public,gs.us-east1",SRX10392771,GSM5188271,Illumina NovaSeq 6000,PAIRED,cDNA,TRANSCRIPTOMIC,Homo sapiens,ILLUMINA,2021-04-16T00:00:00Z,2021-03-20T09:33:00Z,1,GSM5188271,SARS-CoV-2 infected_heart,SRP311379,human heart,missing,SARS-CoV-2 infected person
SRR14016002,RNA-Seq,102,3034937682,PRJNA715767,SAMN18383716,966068066,GEO,public,"sra,fastq,run.zq","s3,gs,ncbi","gs.us-east1,s3.us-east-1,ncbi.public",SRX10392772,GSM5188272,Illumina NovaSeq 6000,PAIRED,cDNA,TRANSCRIPTOMIC,Homo sapiens,ILLUMINA,2021-04-16T00:00:00Z,2021-03-20T08:55:00Z,1,GSM5188272,SARS-CoV-2 infected_heart,SRP311379,human heart,missing,SARS-CoV-2 infected person
SRR14016003,RNA-Seq,102,4776767202,PRJNA715767,SAMN18383758,1509640616,GEO,public,"run.zq,sra,fastq","ncbi,gs,s3","s3.us-east-1,ncbi.public,gs.us-east1",SRX10392773,GSM5188273,Illumina NovaSeq 6000,PAIRED,cDNA,TRANSCRIPTOMIC,Homo sapiens,ILLUMINA,2021-04-16T00:00:00Z,2021-03-20T13:01:00Z,1,GSM5188273,Uninfected_heart,SRP311379,human heart,missing,Uninfected
SRR14016004,RNA-Seq,102,4871729202,PRJNA715767,SAMN18383757,1529172860,GEO,public,"run.zq,fastq,sra","gs,ncbi,s3","gs.us-east1,s3.us-east-1,ncbi.public",SRX10392774,GSM5188274,Illumina NovaSeq 6000,PAIRED,cDNA,TRANSCRIPTOMIC,Homo sapiens,ILLUMINA,2021-04-16T00:00:00Z,2021-03-20T13:14:00Z,1,GSM5188274,Uninfected_heart,SRP311379,human heart,missing,Uninfected
SRR14016005,RNA-Seq,114,777376363,PRJNA715767,SAMN18383756,319291740,GEO,public,"run.zq,fastq,sra","ncbi,gs,s3","ncbi.public,gs.us-east1,s3.us-east-1",SRX10392775,GSM5188275,Illumina NovaSeq 6000,SINGLE,cDNA,TRANSCRIPTOMIC,Homo sapiens,ILLUMINA,2021-04-16T00:00:00Z,2021-03-20T06:06:00Z,1,GSM5188275,Uninfected_heart,SRP311379,human heart,missing,Uninfected
SRR14016006,RNA-Seq,124,3991503863,PRJNA715767,SAMN18383755,1577518274,GEO,public,"run.zq,sra,fastq","gs,s3,ncbi","gs.us-east1,s3.us-east-1,ncbi.public",SRX10392776,GSM5188276,Illumina NovaSeq 6000,SINGLE,cDNA,TRANSCRIPTOMIC,Homo sapiens,ILLUMINA,2021-04-16T00:00:00Z,2021-03-20T08:48:00Z,1,GSM5188276,Uninfected_heart,SRP311379,human heart,missing,Uninfected
SRR14016007,RNA-Seq,113,2374890881,PRJNA715767,SAMN18383754,950005356,GEO,public,"sra,fastq,run.zq","gs,s3,ncbi","gs.us-east1,s3.us-east-1,ncbi.public",SRX10392777,GSM5188277,Illumina NovaSeq 6000,SINGLE,cDNA,TRANSCRIPTOMIC,Homo sapiens,ILLUMINA,2021-04-16T00:00:00Z,2021-03-20T07:47:00Z,1,GSM5188277,Uninfected_heart,SRP311379,human heart,missing,Uninfected
SRR14016008,RNA-Seq,102,2881597818,PRJNA715767,SAMN18383753,922675552,GEO,public,"fastq,run.zq,sra","ncbi,gs,s3","s3.us-east-1,ncbi.public,gs.us-east1",SRX10392778,GSM5188278,Illumina NovaSeq 6000,PAIRED,cDNA,TRANSCRIPTOMIC,Homo sapiens,ILLUMINA,2021-04-16T00:00:00Z,2021-03-20T09:09:00Z,1,GSM5188278,SARS-CoV-2 infected_DMSO treated_ES-derived cardiomyocyte,SRP311379,human ES-derived cardiomyocyte,DMSO treated,SARS-CoV-2 infected
SRR14016009,RNA-Seq,102,2128585062,PRJNA715767,SAMN18383752,676045515,GEO,public,"sra,run.zq,fastq","gs,s3,ncbi","s3.us-east-1,gs.us-east1,ncbi.public",SRX10392779,GSM5188279,Illumina NovaSeq 6000,PAIRED,cDNA,TRANSCRIPTOMIC,Homo sapiens,ILLUMINA,2021-04-16T00:00:00Z,2021-03-20T07:20:00Z,1,GSM5188279,SARS-CoV-2 infected_DMSO treated_ES-derived cardiomyocyte,SRP311379,human ES-derived cardiomyocyte,DMSO treated,SARS-CoV-2 infected
SRR14016010,RNA-Seq,102,2238397446,PRJNA715767,SAMN18383751,710784794,GEO,public,"run.zq,sra,fastq","gs,s3,ncbi","s3.us-east-1,ncbi.public,gs.us-east1",SRX10392780,GSM5188280,Illumina NovaSeq 6000,PAIRED,cDNA,TRANSCRIPTOMIC,Homo sapiens,ILLUMINA,2021-04-16T00:00:00Z,2021-03-20T07:25:00Z,1,GSM5188280,SARS-CoV-2 infected_DMSO treated_ES-derived cardiomyocyte,SRP311379,human ES-derived cardiomyocyte,DMSO treated,SARS-CoV-2 infected
SRR14016011,RNA-Seq,102,3751923732,PRJNA715767,SAMN18383750,1193166542,GEO,public,"sra,run.zq,fastq","ncbi,s3,gs","ncbi.public,s3.us-east-1,gs.us-east1",SRX10392781,GSM5188281,Illumina NovaSeq 6000,PAIRED,cDNA,TRANSCRIPTOMIC,Homo sapiens,ILLUMINA,2021-04-16T00:00:00Z,2021-03-20T11:37:00Z,1,GSM5188281,SARS-CoV-2 infected_Ranolazine treated_ES-derived cardiomyocyte,SRP311379,human ES-derived cardiomyocyte,Ranolazine treated,SARS-CoV-2 infected
SRR14016012,RNA-Seq,102,2820917304,PRJNA715767,SAMN18383749,902379819,GEO,public,"run.zq,sra,fastq","ncbi,gs,s3","ncbi.public,s3.us-east-1,gs.us-east1",SRX10392782,GSM5188282,Illumina NovaSeq 6000,PAIRED,cDNA,TRANSCRIPTOMIC,Homo sapiens,ILLUMINA,2021-04-16T00:00:00Z,2021-03-20T08:36:00Z,1,GSM5188282,SARS-CoV-2 infected_Ranolazine treated_ES-derived cardiomyocyte,SRP311379,human ES-derived cardiomyocyte,Ranolazine treated,SARS-CoV-2 infected
SRR14016013,RNA-Seq,102,3601452822,PRJNA715767,SAMN18383748,1146531438,GEO,public,"sra,run.zq,fastq","gs,ncbi,s3","ncbi.public,gs.us-east1,s3.us-east-1",SRX10392783,GSM5188283,Illumina NovaSeq 6000,PAIRED,cDNA,TRANSCRIPTOMIC,Homo sapiens,ILLUMINA,2021-04-16T00:00:00Z,2021-03-20T11:50:00Z,1,GSM5188283,SARS-CoV-2 infected_Ranolazine treated_ES-derived cardiomyocyte,SRP311379,human ES-derived cardiomyocyte,Ranolazine treated,SARS-CoV-2 infected
SRR14016014,RNA-Seq,102,2441872146,PRJNA715767,SAMN18383676,780755499,GEO,public,"fastq,sra,run.zq","s3,ncbi,gs","s3.us-east-1,gs.us-east1,ncbi.public",SRX10392784,GSM5188284,Illumina NovaSeq 6000,PAIRED,cDNA,TRANSCRIPTOMIC,Homo sapiens,ILLUMINA,2021-04-16T00:00:00Z,2021-03-20T08:39:00Z,1,GSM5188284,SARS-CoV-2 infected_Tofacitinib treated_ES-derived cardiomyocyte,SRP311379,human ES-derived cardiomyocyte,Tofacitinib treated,SARS-CoV-2 infected
SRR14016015,RNA-Seq,102,2786486286,PRJNA715767,SAMN18383675,920761990,GEO,public,"run.zq,fastq,sra","ncbi,gs,s3","s3.us-east-1,ncbi.public,gs.us-east1",SRX10392785,GSM5188285,Illumina NovaSeq 6000,PAIRED,cDNA,TRANSCRIPTOMIC,Homo sapiens,ILLUMINA,2021-04-16T00:00:00Z,2021-03-20T08:57:00Z,1,GSM5188285,SARS-CoV-2 infected_Tofacitinib treated_ES-derived cardiomyocyte,SRP311379,human ES-derived cardiomyocyte,Tofacitinib treated,SARS-CoV-2 infected
SRR14016016,RNA-Seq,102,2945233680,PRJNA715767,SAMN18383674,943754588,GEO,public,"run.zq,sra,fastq","ncbi,gs,s3","s3.us-east-1,ncbi.public,gs.us-east1",SRX10392786,GSM5188286,Illumina NovaSeq 6000,PAIRED,cDNA,TRANSCRIPTOMIC,Homo sapiens,ILLUMINA,2021-04-16T00:00:00Z,2021-03-20T09:15:00Z,1,GSM5188286,SARS-CoV-2 infected_Tofacitinib treated_ES-derived cardiomyocyte,SRP311379,human ES-derived cardiomyocyte,Tofacitinib treated,SARS-CoV-2 infected
SRR14016017,RNA-Seq,101,2212598384,PRJNA715767,SAMN18383673,741731440,GEO,public,"run.zq,sra,fastq","ncbi,s3,gs","s3.us-east-1,gs.us-east1,ncbi.public",SRX10392787,GSM5188287,Illumina NovaSeq 6000,PAIRED,cDNA,TRANSCRIPTOMIC,Homo sapiens,ILLUMINA,2021-04-16T00:00:00Z,2021-03-20T08:11:00Z,1,GSM5188287,Uninfected_ES-derived machrophage,SRP311379,human ES-derived macrophage,No treatment,Uninfected
SRR14016018,RNA-Seq,101,1275093236,PRJNA715767,SAMN18383715,427008052,GEO,public,"sra,fastq,run.zq","gs,ncbi,s3","s3.us-east-1,ncbi.public,gs.us-east1",SRX10392788,GSM5188288,Illumina NovaSeq 6000,PAIRED,cDNA,TRANSCRIPTOMIC,Homo sapiens,ILLUMINA,2021-04-16T00:00:00Z,2021-03-20T07:15:00Z,1,GSM5188288,Uninfected_ES-derived machrophage,SRP311379,human ES-derived macrophage,No treatment,Uninfected
SRR14016019,RNA-Seq,101,1510505505,PRJNA715767,SAMN18383714,495623082,GEO,public,"run.zq,fastq,sra","s3,ncbi,gs","ncbi.public,gs.us-east1,s3.us-east-1",SRX10392789,GSM5188289,Illumina NovaSeq 6000,PAIRED,cDNA,TRANSCRIPTOMIC,Homo sapiens,ILLUMINA,2021-04-16T00:00:00Z,2021-03-20T07:24:00Z,1,GSM5188289,Uninfected_ES-derived machrophage,SRP311379,human ES-derived macrophage,No treatment,Uninfected
SRR14016020,RNA-Seq,101,2188464825,PRJNA715767,SAMN18383713,722687263,GEO,public,"run.zq,sra,fastq","ncbi,gs,s3","gs.us-east1,s3.us-east-1,ncbi.public",SRX10392790,GSM5188290,Illumina NovaSeq 6000,PAIRED,cDNA,TRANSCRIPTOMIC,Homo sapiens,ILLUMINA,2021-04-16T00:00:00Z,2021-03-20T08:17:00Z,1,GSM5188290,SARS-CoV-2 infected_ES-derived machrophage,SRP311379,human ES-derived macrophage,No treatment,SARS-CoV-2 infected
SRR14016021,RNA-Seq,101,4039595408,PRJNA715767,SAMN18383712,1324366104,GEO,public,"fastq,run.zq,sra","ncbi,s3,gs","gs.us-east1,ncbi.public,s3.us-east-1",SRX10392791,GSM5188291,Illumina NovaSeq 6000,PAIRED,cDNA,TRANSCRIPTOMIC,Homo sapiens,ILLUMINA,2021-04-16T00:00:00Z,2021-03-20T10:03:00Z,1,GSM5188291,SARS-CoV-2 infected_ES-derived machrophage,SRP311379,human ES-derived macrophage,No treatment,SARS-CoV-2 infected
SRR14016022,RNA-Seq,101,3999293616,PRJNA715767,SAMN18383711,1303464748,GEO,public,"run.zq,fastq,sra","ncbi,gs,s3","s3.us-east-1,gs.us-east1,ncbi.public",SRX10392792,GSM5188292,Illumina NovaSeq 6000,PAIRED,cDNA,TRANSCRIPTOMIC,Homo sapiens,ILLUMINA,2021-04-16T00:00:00Z,2021-03-20T11:17:00Z,1,GSM5188292,SARS-CoV-2 infected_ES-derived machrophage,SRP311379,human ES-derived macrophage,No treatment,SARS-CoV-2 infected
